ECON INL FW PRESS;DRUM PRESS;MN STM PRESS;CRH STM PRESS;HRH STM PRESS;COND VAC WIDE;ECON INL FW TEMP;MN STM TEMP;CRH STM TEMP;HRH STM TEMP;COND INL CW TEMP;COND  OUTL CW TEMP;AHTR PA OUT TEMP ;AHTR OUTL SECA TEMP ;AHTR OUT FG TEMP ;AHTR B OUT FG TEMP 4;PULV  INL PA TEMP;PULV  OUTL COAL/AIR TEMP;MAIN SPRY WTR FLOW;MN STM FLOW;RHR ATM SPRY WTR FLOW;TOT AIR FLOW FD FAN;TOTAL PA Flow;TOT COAL FLOW;GEN OUT MW;FGD SYS INLET NOX;FGD SYS INLET SOX;FGD SYS OUTLET SOX;A/H Outlet O2;Eff Thermal
190.417;185.745;168.067;37.634;35.692;-0.917;287.262;539.704;333.503;535.509;30.000;38.000;345.088;353.757;159.500;153.704;279.263;70.350;162.602;2122.263;5.072;2158.916;507.468;302.811;706.794;636.873;1765.350;586.401;2.630;35.748
190.520;186.057;168.242;37.653;35.713;-0.917;287.308;539.563;332.969;535.466;30.000;38.000;345.038;353.437;159.500;153.905;280.340;70.471;163.464;2123.386;4.947;2158.671;507.441;303.128;706.747;637.495;1778.014;585.431;2.708;35.750
190.742;186.063;168.247;37.653;35.713;-0.917;287.308;539.563;333.476;535.095;30.000;38.000;345.245;353.281;159.500;153.915;280.446;70.647;165.869;2126.354;5.257;2160.621;505.319;303.289;705.034;634.788;1788.898;597.204;2.757;35.746
190.742;186.063;168.200;37.706;35.752;-0.917;287.308;539.512;333.594;534.545;30.000;38.000;345.173;353.281;159.500;153.960;280.022;70.650;161.325;2127.873;5.134;2161.282;507.405;303.046;703.052;631.675;1790.895;601.864;2.740;35.767
190.742;186.063;168.147;37.764;35.794;-0.917;287.308;539.000;333.594;534.192;30.000;38.000;345.210;353.281;159.500;153.919;280.213;70.650;159.290;2129.539;4.899;2160.083;509.647;303.289;702.646;631.078;1793.384;597.381;2.669;35.736
190.742;186.059;168.147;37.764;35.794;-0.917;287.482;539.479;333.594;534.184;30.000;38.000;345.053;353.281;159.500;153.875;280.916;70.650;162.655;2131.155;5.572;2158.694;509.235;303.031;703.366;631.078;1785.249;595.246;2.628;35.802
190.707;186.027;168.070;37.764;35.794;-0.917;287.524;539.930;333.594;534.169;30.000;38.000;344.953;353.281;159.500;153.945;280.777;70.666;161.244;2133.045;5.275;2159.310;507.526;303.339;704.949;633.773;1793.359;596.897;2.681;35.763
190.259;185.533;167.882;37.764;35.794;-0.917;287.524;539.516;333.744;533.969;30.000;38.000;345.000;353.281;159.500;154.000;280.105;70.762;156.256;2129.608;5.367;2157.070;505.887;303.971;705.924;627.140;1804.682;603.709;2.780;35.602
189.780;185.091;167.174;37.705;35.740;-0.917;287.524;539.375;333.750;533.725;30.000;38.000;345.000;353.281;159.500;154.000;279.614;70.762;155.442;2122.845;5.128;2160.193;507.825;304.311;707.011;625.498;1804.888;604.384;2.765;35.462
189.551;184.814;167.113;37.672;35.711;-0.917;287.524;540.453;334.274;533.843;30.000;38.000;344.966;353.281;159.500;154.000;279.895;70.762;158.617;2120.576;5.170;2162.934;509.993;304.115;708.405;628.791;1799.518;602.353;2.734;35.465
189.660;184.989;167.192;37.672;35.711;-0.917;287.373;541.902;335.317;534.259;30.000;38.000;344.909;353.281;159.500;153.928;280.381;70.762;164.676;2122.032;4.926;2163.111;509.046;304.304;709.190;635.182;1804.462;602.898;2.614;35.479
190.081;185.451;167.375;37.672;35.711;-0.917;287.365;542.668;335.781;534.401;30.000;38.000;344.750;353.281;159.500;153.581;280.106;70.762;170.731;2125.179;5.147;2162.244;507.562;303.954;709.476;637.774;1815.360;609.539;2.643;35.600
190.229;185.545;167.943;37.712;35.711;-0.917;287.365;542.094;335.627;534.337;30.000;38.000;344.750;353.704;159.500;153.500;279.396;70.762;174.620;2128.486;5.118;2162.574;508.149;304.215;708.995;633.186;1816.087;613.827;2.731;35.618
190.462;185.791;167.943;37.786;35.807;-0.917;287.365;540.447;334.778;534.297;30.000;38.000;344.750;353.719;159.500;153.382;279.456;70.579;172.616;2132.734;5.290;2166.880;509.948;304.492;708.823;628.818;1810.421;621.325;2.740;35.641
190.797;186.105;167.943;37.925;35.914;-0.917;287.365;539.161;334.023;534.320;30.000;38.000;344.750;353.719;159.500;153.250;279.997;70.537;171.585;2135.725;5.358;2165.781;511.348;304.315;707.843;628.149;1799.976;611.948;2.737;35.732
191.081;186.325;167.943;38.010;35.936;-0.917;287.822;538.625;333.294;534.375;30.000;38.000;344.750;353.719;159.500;153.250;280.808;70.632;171.495;2137.799;5.147;2167.336;511.340;303.971;707.472;631.789;1802.014;606.441;2.654;35.812
191.133;186.421;168.282;38.010;35.936;-0.917;287.830;538.625;332.969;534.366;30.000;38.000;344.750;353.719;159.617;153.250;280.608;70.688;170.064;2139.892;5.145;2162.887;508.815;304.089;707.313;627.226;1805.520;610.927;2.630;35.812
190.870;186.148;168.236;38.010;35.936;-0.917;287.830;538.625;332.991;534.063;30.000;38.000;344.906;353.719;159.750;153.250;280.565;70.688;168.437;2139.892;5.069;2164.976;509.443;304.823;708.017;628.450;1819.726;614.798;2.654;35.702
190.752;186.020;168.037;38.010;35.936;-0.917;287.830;538.625;333.738;533.843;30.000;38.000;345.000;353.293;159.673;153.250;280.298;70.688;165.951;2139.892;4.943;2164.447;509.971;304.519;707.853;572.216;1813.016;556.298;2.736;35.729
190.497;185.748;167.842;37.996;35.984;-0.917;287.836;538.639;333.750;533.704;30.000;38.000;345.000;353.281;159.500;153.250;280.667;70.688;164.005;2138.775;5.015;2162.901;508.552;304.848;706.776;577.121;1800.923;561.627;2.810;35.641
190.241;185.736;167.593;37.982;35.995;-0.916;287.869;539.213;334.019;533.161;30.000;38.000;344.970;353.281;159.500;153.250;281.321;70.615;166.825;2138.175;5.196;2162.327;507.665;305.307;706.742;622.934;1794.796;592.917;2.690;35.569
190.235;185.736;167.593;37.982;35.995;-0.916;287.869;540.463;334.828;533.239;30.000;38.000;344.750;353.281;159.500;153.250;281.535;70.575;167.525;2138.175;5.317;2164.240;510.104;305.107;707.609;633.868;1793.452;598.365;2.660;35.584
190.235;185.736;167.636;37.982;35.995;-0.916;287.869;540.875;335.248;533.468;30.000;38.000;344.822;352.724;159.500;153.324;281.437;70.575;169.318;2138.373;5.335;2168.332;509.895;305.181;708.448;635.989;1803.614;599.309;2.708;35.611
190.409;185.717;167.685;37.982;35.995;-0.916;287.869;540.875;335.689;533.793;30.000;38.000;345.000;352.625;159.500;153.381;281.054;70.575;171.050;2139.209;5.325;2168.294;508.016;305.447;709.181;634.214;1816.079;608.202;2.770;35.572
190.143;185.425;167.479;37.929;35.973;-0.916;287.897;540.408;335.156;533.965;30.000;38.000;345.156;352.625;159.500;153.500;280.534;70.575;168.515;2134.937;5.356;2168.642;507.692;305.362;708.965;632.613;1806.962;607.620;2.823;35.527
190.087;185.323;167.367;37.897;35.973;-0.916;288.065;539.639;334.757;534.049;30.000;38.000;345.250;352.625;159.500;153.614;280.438;70.484;167.120;2133.210;5.228;2167.592;508.997;305.456;708.538;637.196;1801.496;605.267;2.748;35.515
190.296;185.584;167.654;37.897;35.973;-0.917;288.065;540.183;334.834;534.401;30.000;38.000;345.250;352.625;159.500;153.750;280.446;70.463;168.777;2134.967;5.585;2167.220;508.221;305.173;709.280;642.387;1802.665;597.151;2.642;35.591
190.364;185.594;167.901;37.897;35.973;-0.917;288.065;540.875;335.503;534.946;30.000;38.000;345.329;352.536;159.456;153.787;280.028;70.463;172.095;2136.399;5.213;2169.308;508.473;305.418;710.005;643.075;1811.354;595.372;2.667;35.605
190.683;185.985;168.124;37.897;35.982;-0.917;288.065;540.653;335.334;534.830;30.000;38.000;345.500;352.516;159.340;154.156;279.479;70.678;171.654;2139.003;5.290;2168.462;506.733;305.752;710.477;641.113;1821.613;601.256;2.717;35.603
190.694;186.051;168.124;37.976;36.041;-0.917;288.032;539.587;334.505;534.348;30.000;38.000;345.500;352.093;159.008;154.250;279.041;70.688;167.077;2140.746;5.089;2168.207;506.230;305.389;711.005;637.534;1809.885;609.116;2.760;35.634
190.694;186.051;168.124;38.019;36.041;-0.916;287.955;538.832;334.375;534.103;30.000;38.000;345.500;352.078;159.010;154.250;278.967;70.593;163.997;2139.872;5.143;2168.480;508.397;305.514;711.205;636.100;1798.381;604.083;2.720;35.598
190.694;186.051;168.124;38.019;36.041;-0.916;287.955;539.994;334.563;534.072;30.000;38.000;345.500;352.078;158.787;154.250;279.434;70.537;165.339;2139.872;5.278;2172.673;509.700;305.447;711.479;638.444;1796.834;597.023;2.711;35.643
190.694;186.051;168.180;38.019;36.041;-0.916;287.955;541.063;335.242;534.602;30.000;38.000;345.500;352.078;158.794;154.250;279.395;70.581;170.937;2141.350;5.226;2171.736;509.833;305.506;712.130;639.587;1805.751;600.002;2.733;35.673
190.835;186.157;168.313;38.019;36.055;-0.916;287.955;540.887;335.488;534.791;30.000;38.000;345.500;352.107;158.750;154.250;279.052;70.688;173.890;2144.829;4.862;2169.508;506.338;305.668;712.390;639.587;1808.570;601.054;2.787;35.678
190.840;186.162;168.313;38.099;36.086;-0.916;287.996;539.662;334.932;534.487;30.000;38.000;345.500;352.297;158.750;154.250;278.704;70.688;171.547;2147.525;4.818;2170.761;508.823;306.001;711.521;639.587;1807.374;601.054;2.825;35.665
190.840;186.162;168.313;38.117;36.086;-0.916;288.088;538.516;334.375;534.053;30.000;38.000;345.259;351.876;158.877;154.250;279.162;70.688;169.293;2147.525;5.003;2170.900;510.271;305.954;711.558;639.587;1807.374;601.054;2.647;35.681
190.855;186.202;168.313;38.117;36.086;-0.916;288.088;538.839;334.375;533.985;30.000;38.000;345.250;351.859;158.750;154.250;279.727;70.688;172.105;2147.750;5.067;2172.118;509.797;306.042;711.179;640.397;1809.030;595.661;2.664;35.684
191.203;186.455;168.345;38.117;36.169;-0.916;288.088;539.000;334.375;533.953;30.000;38.000;345.250;351.859;158.589;154.250;279.666;70.710;172.166;2150.942;4.960;2172.745;510.353;305.818;710.910;642.265;1817.082;601.261;2.713;35.743
191.211;186.455;168.416;38.117;36.171;-0.916;288.088;538.572;334.375;533.895;30.000;38.000;345.250;351.702;158.542;154.250;279.263;70.762;170.987;2151.038;4.975;2171.406;509.104;305.770;710.311;641.320;1826.966;613.610;2.720;35.762
191.017;186.237;168.157;38.213;36.171;-0.916;288.150;538.438;333.898;533.698;30.000;38.000;345.411;351.438;158.500;154.250;279.144;70.762;168.858;2150.563;4.942;2171.592;509.136;305.790;710.571;636.996;1828.639;614.005;2.663;35.716
190.918;186.184;168.106;38.216;36.171;-0.916;288.216;538.203;333.906;533.627;30.000;38.000;345.500;351.293;158.500;154.250;279.822;70.762;166.076;2149.428;4.893;2174.063;511.082;305.646;711.303;637.234;1816.086;610.535;2.630;35.734
190.918;186.184;168.106;38.216;36.168;-0.916;288.216;538.664;333.992;533.653;30.000;38.000;345.500;351.094;158.500;154.250;279.996;70.762;167.221;2149.428;4.896;2173.053;510.668;305.623;711.875;640.495;1812.173;608.296;2.645;35.718
190.918;186.128;168.066;38.216;36.150;-0.916;288.216;538.813;334.531;533.683;30.000;38.000;345.150;351.094;158.500;154.250;279.498;70.762;166.930;2149.428;4.901;2173.234;508.604;305.640;711.101;641.680;1820.348;615.471;2.739;35.703
190.721;185.969;167.898;38.216;36.150;-0.916;288.216;538.929;334.531;533.711;30.000;38.000;345.085;351.094;158.500;154.250;279.105;70.762;165.958;2149.148;4.978;2172.829;509.324;305.528;710.305;641.680;1820.497;614.559;2.784;35.686
190.667;185.969;167.853;38.099;36.150;-0.916;288.135;539.291;334.531;533.920;30.000;38.000;345.000;351.094;158.500;154.250;279.271;70.612;165.736;2149.490;5.112;2171.588;512.307;305.964;710.804;640.242;1813.116;611.273;2.765;35.648
190.667;185.969;167.916;38.096;36.150;-0.916;288.090;540.161;335.180;534.188;30.000;38.000;345.000;351.041;158.500;154.250;279.782;70.575;168.508;2151.150;5.428;2172.793;510.904;306.057;711.512;642.335;1798.484;606.203;2.737;35.674
190.667;185.969;168.053;38.096;36.173;-0.916;288.090;540.688;335.707;534.356;30.000;38.000;345.000;350.984;158.500;154.250;279.653;70.575;172.059;2150.412;5.261;2171.580;510.666;305.781;712.416;644.191;1797.846;603.581;2.707;35.735
190.667;185.972;167.981;38.096;36.227;-0.916;288.090;540.372;335.671;534.814;30.000;38.000;345.000;350.984;158.500;154.250;279.292;70.575;172.587;2149.980;5.040;2169.430;507.873;305.568;712.001;644.191;1803.506;608.880;2.841;35.721
190.557;185.857;167.665;38.096;36.227;-0.916;288.090;539.392;335.156;534.814;30.000;38.000;345.000;350.984;158.500;154.250;278.861;70.575;169.670;2149.081;5.005;2174.180;509.328;305.833;711.420;644.191;1797.698;608.549;2.793;35.650
190.528;185.791;167.713;38.151;36.227;-0.916;288.296;539.000;334.544;534.839;30.000;38.000;345.000;350.984;158.500;154.423;278.893;70.392;167.679;2147.613;5.173;2175.346;511.511;305.486;709.900;645.998;1788.614;604.782;2.784;35.715
190.774;185.972;167.888;38.152;36.227;-0.916;288.348;538.641;334.375;535.157;30.000;38.000;345.000;350.913;158.500;154.300;279.348;70.387;168.078;2149.115;5.035;2173.756;511.684;305.732;707.876;649.537;1784.775;600.882;2.730;35.722
190.990;186.224;168.206;38.152;36.241;-0.916;288.348;538.438;334.375;535.364;30.000;38.000;345.000;350.875;158.500;154.250;279.769;70.514;171.254;2151.673;5.011;2175.109;510.369;305.838;706.846;650.887;1782.734;599.507;2.744;35.755
191.016;186.270;168.202;38.152;36.258;-0.916;288.348;538.204;334.185;535.259;30.000;38.000;345.000;350.677;158.500;154.250;279.380;70.650;173.301;2152.330;4.807;2170.367;509.219;305.516;707.256;645.972;1784.160;598.246;2.738;35.772
190.840;186.064;167.893;38.159;36.258;-0.916;288.348;537.340;333.750;535.078;30.000;38.000;345.000;350.438;158.500;154.250;278.482;70.650;170.267;2150.266;5.139;2167.698;510.850;305.711;707.554;643.214;1786.079;599.754;2.722;35.720
190.408;185.648;167.672;38.201;36.227;-0.916;288.272;536.938;333.355;534.796;30.000;38.000;345.000;350.416;158.500;154.250;278.569;70.650;166.267;2146.334;4.997;2167.107;510.296;305.837;707.063;645.474;1791.669;601.100;2.778;35.629
190.037;185.241;167.168;38.127;36.120;-0.915;288.252;537.091;333.048;534.638;30.000;38.000;345.203;350.186;158.383;154.478;278.922;70.650;165.188;2141.314;5.054;2168.198;509.467;305.624;707.168;649.598;1789.106;598.686;2.731;35.552
189.904;185.088;167.168;38.018;36.044;-0.915;288.252;538.464;333.881;534.743;30.000;38.000;345.250;350.109;158.173;154.750;279.009;70.626;166.706;2137.018;5.210;2171.124;508.156;306.345;708.351;651.445;1789.562;596.220;2.684;35.417
189.904;185.088;167.168;37.981;36.044;-0.915;288.252;539.375;334.615;535.026;30.000;38.000;345.367;350.097;158.042;154.867;278.859;70.613;169.745;2137.018;5.123;2171.457;510.936;306.158;709.697;650.197;1800.246;601.042;2.690;35.459
189.904;185.088;167.168;37.981;36.044;-0.915;288.252;540.144;334.844;535.294;30.000;38.000;345.500;349.577;157.802;155.000;278.996;70.613;172.435;2137.018;5.174;2173.670;512.009;306.371;710.838;649.910;1809.483;606.330;2.702;35.449
189.904;185.088;167.239;37.981;36.044;-0.916;287.921;539.701;334.844;535.294;30.000;38.000;345.500;349.563;157.750;155.000;279.021;70.613;169.961;2136.612;5.106;2173.373;509.749;306.196;711.996;645.967;1803.981;604.753;2.732;35.445
189.866;185.208;167.306;37.981;36.004;-0.916;287.838;539.148;334.597;535.504;30.000;38.000;345.500;349.563;157.716;155.197;279.117;70.613;168.377;2133.953;5.434;2171.974;509.945;306.408;712.736;645.957;1799.474;602.214;2.688;35.426
190.252;185.548;167.595;37.983;35.960;-0.916;287.838;539.278;334.531;535.885;30.000;38.000;345.500;349.563;157.585;155.250;279.333;70.553;170.877;2136.919;5.602;2174.278;511.102;306.569;713.734;648.922;1803.003;604.319;2.664;35.466
190.546;185.810;167.948;37.984;35.960;-0.916;287.838;539.938;334.531;536.099;30.000;38.000;345.500;349.547;157.385;155.250;279.222;70.537;174.707;2139.957;5.323;2174.011;510.616;306.599;714.351;649.910;1811.203;605.817;2.717;35.530
190.859;186.154;168.210;38.068;36.065;-0.916;287.838;539.246;334.349;536.099;30.000;38.000;345.500;349.453;157.294;155.250;279.099;70.680;176.558;2143.795;5.050;2173.739;510.486;306.575;713.696;647.204;1820.031;611.984;2.814;35.590
191.080;186.417;168.487;38.089;36.119;-0.916;288.088;538.138;333.719;536.041;30.000;38.000;345.500;349.453;157.335;155.250;279.148;70.688;174.428;2146.889;4.957;2175.845;509.473;306.604;712.495;644.148;1799.594;611.335;2.872;35.645
191.372;186.561;168.560;38.170;36.177;-0.916;288.095;537.146;332.893;535.906;30.000;38.000;345.500;349.453;157.250;155.250;279.109;70.642;171.582;2149.946;4.858;2175.569;511.829;306.244;711.581;645.036;1787.815;603.670;2.793;35.724
191.589;186.771;168.691;38.264;36.243;-0.916;288.095;537.125;332.656;535.807;30.000;38.000;345.500;349.503;157.250;155.250;279.319;70.537;171.067;2152.950;4.829;2178.656;511.271;306.275;711.046;646.144;1782.603;596.684;2.698;35.770
191.703;186.916;168.748;38.264;36.281;-0.916;288.095;537.125;332.656;535.219;30.000;38.000;345.500;349.563;157.130;155.250;279.280;70.537;169.980;2156.366;4.996;2181.751;511.384;305.914;710.443;649.194;1781.813;595.265;2.726;35.843
191.411;186.637;168.546;38.264;36.281;-0.916;288.107;536.812;332.656;535.219;30.000;38.000;345.500;349.563;157.244;155.250;279.033;70.537;167.159;2154.224;5.051;2175.739;508.281;305.994;709.597;647.041;1794.769;600.589;2.800;35.801
191.027;186.305;168.292;38.264;36.281;-0.915;288.188;536.077;332.256;535.136;30.000;38.000;345.500;349.563;157.250;155.250;278.654;70.537;165.824;2151.106;4.825;2176.240;507.170;306.069;709.559;639.771;1779.834;603.309;2.800;35.732
190.763;186.071;167.921;38.264;36.281;-0.915;288.188;535.813;332.031;534.882;30.000;38.000;345.338;349.773;157.250;155.250;278.769;70.519;163.764;2148.529;4.981;2177.442;510.514;305.908;710.379;639.524;1778.736;598.544;2.807;35.705
190.562;185.993;167.775;38.264;36.234;-0.915;288.188;536.451;332.407;535.377;30.000;38.000;345.250;349.781;157.414;155.144;279.469;70.500;163.512;2144.949;5.353;2179.366;511.001;305.997;711.346;644.326;1778.217;594.972;2.738;35.668
190.313;185.617;167.609;38.217;36.221;-0.915;288.188;538.188;333.472;535.966;30.000;38.000;345.250;349.781;157.456;154.750;279.303;70.593;168.813;2140.882;5.545;2180.020;509.597;306.025;711.995;646.283;1780.598;594.207;2.779;35.634
190.085;185.393;167.563;38.162;36.150;-0.915;288.181;538.625;334.305;536.215;30.000;38.000;345.250;349.781;157.259;154.750;278.718;70.650;171.072;2140.906;5.347;2179.801;508.367;306.229;712.943;644.769;1786.834;600.108;2.756;35.568
190.085;185.393;167.453;38.162;36.111;-0.916;288.137;538.757;334.454;536.271;30.000;38.000;345.250;349.808;157.250;154.750;278.252;70.650;171.157;2140.243;5.096;2181.465;510.530;306.190;713.505;643.633;1783.337;603.378;2.814;35.571
190.247;185.565;167.638;38.162;36.111;-0.916;288.137;538.250;333.906;536.622;30.000;38.000;345.563;350.000;157.250;154.634;278.346;70.650;169.555;2141.269;5.177;2180.725;511.325;306.341;713.363;645.323;1771.651;596.456;2.809;35.594
190.486;185.790;167.848;38.162;36.111;-0.916;288.137;538.250;333.906;536.639;30.000;38.000;345.673;350.084;157.522;154.342;278.885;70.650;172.923;2142.838;4.984;2181.079;511.037;306.326;712.426;649.803;1764.616;593.286;2.835;35.645
190.598;185.933;167.966;38.179;36.111;-0.916;288.137;538.250;333.906;536.785;30.000;38.000;345.708;350.314;157.345;154.250;279.022;70.720;174.841;2144.678;5.113;2182.954;507.847;306.088;711.059;651.863;1768.868;594.141;2.739;35.705
191.043;186.245;168.269;38.198;36.215;-0.916;288.166;537.791;333.644;537.118;30.000;38.000;345.750;350.328;157.250;154.250;278.560;70.762;172.748;2147.506;5.080;2183.454;511.549;306.129;710.260;649.232;1776.832;597.863;2.695;35.748
191.191;186.301;168.483;38.246;36.219;-0.916;288.335;536.240;332.720;537.096;30.000;38.000;345.750;350.328;157.250;154.250;278.493;70.762;171.960;2150.850;4.753;2183.317;511.888;306.156;709.564;648.056;1784.945;594.499;2.699;35.773
191.191;186.301;168.462;38.299;36.341;-0.916;288.335;535.340;331.892;536.848;30.000;38.000;345.750;350.328;157.005;154.282;278.582;70.762;169.354;2150.081;4.879;2183.360;510.680;306.007;709.018;649.631;1792.366;593.525;2.761;35.783
190.995;186.278;168.091;38.299;36.343;-0.916;288.335;535.063;331.875;536.695;30.000;38.000;345.750;350.343;157.000;154.500;278.542;70.762;166.134;2148.587;4.808;2179.673;509.273;305.815;709.225;647.350;1788.298;596.012;2.793;35.758
190.684;185.886;167.769;38.299;36.310;-0.916;288.335;535.402;331.875;536.688;30.000;38.000;345.750;350.438;157.000;154.500;278.339;70.666;164.412;2146.004;4.971;2177.817;511.186;306.399;710.461;644.609;1782.631;598.074;2.804;35.622
190.435;185.755;167.680;38.224;36.233;-0.916;288.271;536.754;332.492;536.564;30.000;38.000;345.750;350.438;157.318;154.659;278.463;70.613;165.155;2143.913;4.754;2173.642;511.705;306.252;711.985;649.198;1778.141;599.612;2.744;35.599
190.430;185.619;167.513;38.180;36.159;-0.915;288.119;538.010;333.371;536.459;30.000;38.000;345.750;350.438;157.697;154.750;278.490;70.613;166.889;2142.100;4.914;2178.971;511.916;306.227;712.392;652.158;1779.554;598.473;2.800;35.567
190.184;185.619;167.506;38.097;36.155;-0.915;288.119;539.282;334.086;536.459;30.000;38.000;345.750;350.438;157.750;154.708;278.440;70.613;169.389;2139.399;4.889;2177.329;509.524;306.517;712.386;651.026;1775.989;600.629;2.819;35.506
190.048;185.619;167.546;38.076;36.155;-0.915;288.119;540.125;334.825;536.459;30.000;38.000;345.668;350.259;157.750;154.551;278.162;70.613;170.980;2138.476;5.174;2179.100;510.437;306.639;712.351;651.026;1768.130;599.067;2.781;35.502
190.326;185.680;167.813;38.076;36.155;-0.915;288.119;539.892;335.156;536.459;30.000;38.000;345.750;349.891;157.750;154.500;278.253;70.582;171.403;2142.287;5.143;2180.376;512.549;306.647;711.580;649.598;1771.377;592.975;2.731;35.563
190.732;185.971;168.128;38.090;36.155;-0.915;288.136;539.270;334.764;536.448;30.000;38.000;345.671;349.891;157.750;154.500;278.369;70.575;174.398;2146.111;4.999;2179.108;511.734;306.115;709.914;647.892;1797.556;598.831;2.726;35.701
190.986;186.091;168.250;38.180;36.247;-0.916;288.157;539.000;334.375;536.422;30.000;38.000;345.553;349.891;157.750;154.500;278.292;70.575;173.809;2148.442;4.837;2179.187;509.384;306.245;709.526;646.841;1802.849;602.206;2.695;35.706
190.986;186.091;168.250;38.180;36.249;-0.916;288.157;538.168;333.996;536.697;30.000;38.000;345.500;349.891;157.750;154.343;278.088;70.575;169.976;2147.772;4.896;2180.055;511.762;306.083;709.101;646.841;1793.586;598.181;2.681;35.725
190.986;186.091;168.199;38.180;36.249;-0.916;288.157;537.875;333.594;537.076;30.000;38.000;345.500;349.891;157.750;154.409;278.313;70.575;169.251;2147.745;5.429;2174.524;512.004;305.950;708.636;648.424;1784.081;595.387;2.729;35.739
190.756;186.032;167.930;38.180;36.249;-0.916;288.157;537.875;333.594;537.172;30.000;38.000;345.615;349.891;157.710;154.647;278.440;70.682;165.181;2146.262;5.219;2171.650;510.019;306.050;709.426;650.329;1780.645;598.341;2.758;35.688
190.435;185.644;167.627;38.150;36.166;-0.916;288.245;538.836;334.200;537.172;30.000;38.000;345.750;350.020;157.861;154.970;278.252;70.688;163.395;2141.636;4.858;2171.487;507.931;306.302;709.836;649.452;1772.501;594.278;2.754;35.576
190.381;185.466;167.478;38.081;36.143;-0.915;288.347;539.733;334.604;537.172;30.000;38.000;345.750;350.328;157.956;154.949;278.077;70.688;162.463;2140.773;5.247;2175.537;510.019;306.429;710.847;648.934;1772.326;592.245;2.707;35.541
190.381;185.466;167.478;38.081;36.080;-0.915;288.347;540.341;335.185;537.172;30.000;38.000;345.750;350.328;158.000;154.729;278.223;70.688;164.392;2139.853;5.071;2175.056;510.134;306.380;712.400;651.064;1781.897;592.043;2.707;35.526
190.381;185.466;167.478;38.081;36.044;-0.915;288.347;541.235;335.749;537.185;30.000;38.000;345.706;350.328;158.000;154.500;278.379;70.688;167.480;2138.097;4.953;2177.290;510.878;306.552;714.084;651.904;1790.800;592.706;2.691;35.483
190.381;185.466;167.478;38.081;36.044;-0.915;288.347;541.250;336.377;537.199;30.000;38.000;345.283;350.328;158.000;154.500;278.279;70.723;170.563;2139.159;4.989;2175.703;509.286;306.613;715.120;650.608;1799.585;595.818;2.723;35.515
190.338;185.558;167.568;38.052;36.044;-0.915;288.135;541.114;335.806;537.277;30.000;38.000;345.000;350.328;158.000;154.500;277.994;70.725;171.133;2140.064;5.033;2178.071;510.240;306.993;715.637;650.608;1796.451;595.616;2.733;35.492
190.523;185.929;167.926;38.017;36.044;-0.915;288.013;540.594;335.703;537.620;30.000;38.000;345.000;350.328;158.031;154.427;278.104;70.725;170.655;2142.333;5.277;2180.232;511.581;306.597;715.558;650.608;1789.461;593.349;2.671;35.588
190.920;186.189;168.241;38.094;36.141;-0.915;288.013;539.938;335.156;537.931;30.000;38.000;345.000;350.328;158.129;154.250;278.273;70.725;174.169;2146.085;5.355;2179.347;511.327;306.524;714.974;650.608;1790.023;592.484;2.661;35.674
191.170;186.475;168.618;38.209;36.212;-0.915;288.013;539.629;335.026;537.923;30.000;38.000;345.000;350.328;158.250;154.250;278.442;70.725;175.096;2150.371;4.754;2180.688;511.482;306.923;714.559;650.353;1786.996;592.472;2.643;35.712
191.455;186.662;168.847;38.248;36.269;-0.915;288.013;538.783;334.375;537.674;30.000;38.000;345.000;350.328;158.250;154.250;278.487;70.761;174.771;2154.488;4.748;2176.156;509.069;306.297;713.083;650.050;1780.525;592.771;2.689;35.837
191.455;186.662;168.847;38.317;36.336;-0.915;288.184;537.902;333.762;537.337;30.000;38.000;345.000;350.467;158.294;154.166;278.275;70.762;174.112;2156.494;4.490;2177.284;510.687;306.557;711.218;649.084;1782.812;587.517;2.688;35.833
191.455;186.662;168.762;38.358;36.374;-0.915;288.230;537.344;333.247;536.876;30.000;38.000;345.000;350.547;158.284;154.095;278.354;70.762;172.043;2159.416;4.750;2177.737;511.393;306.209;708.471;647.201;1780.943;588.421;2.709;35.869
191.455;186.662;168.579;38.358;36.374;-0.915;288.230;536.563;333.125;536.424;30.000;38.000;345.000;350.372;158.299;154.000;278.383;70.762;168.412;2158.140;4.780;2180.681;512.267;306.025;706.386;648.963;1772.077;590.047;2.729;35.862
191.341;186.543;168.295;38.358;36.374;-0.915;288.230;536.917;333.125;536.104;30.000;38.000;344.925;350.000;158.250;153.730;278.243;70.767;166.603;2156.947;4.737;2178.442;510.230;306.171;705.311;649.162;1771.517;590.372;2.747;35.824
190.893;186.162;168.046;38.358;36.362;-0.915;288.230;537.667;333.641;535.763;30.000;38.000;344.750;350.000;158.250;153.500;278.027;70.731;166.248;2153.697;4.679;2179.344;509.480;306.058;705.287;642.943;1773.467;591.629;2.790;35.763
190.763;185.619;167.548;38.280;36.280;-0.915;288.277;537.875;333.906;535.593;30.000;38.000;344.750;350.000;158.250;153.500;277.837;70.650;162.747;2149.570;4.617;2178.960;510.835;306.766;705.670;641.387;1770.981;589.232;2.759;35.587
189.767;185.071;166.907;38.148;36.109;-0.915;288.289;538.234;334.404;535.497;30.000;38.000;344.750;350.000;158.007;153.500;277.735;70.650;161.331;2142.291;4.888;2181.153;511.123;306.427;707.062;643.649;1769.710;582.492;2.816;35.489
189.258;184.527;166.566;37.963;35.987;-0.915;288.289;539.461;334.986;535.635;30.000;38.000;344.750;349.938;158.000;153.500;277.344;70.650;161.891;2135.935;5.375;2180.955;509.702;306.780;708.497;646.017;1774.324;583.387;2.752;35.344
189.165;184.373;166.383;37.925;35.944;-0.915;288.289;540.817;336.022;536.229;30.000;38.000;344.750;349.781;158.000;153.500;276.787;70.650;164.194;2130.442;5.798;2184.256;509.343;307.011;710.795;645.986;1780.701;586.990;2.709;35.263
189.165;184.373;166.402;37.925;35.944;-0.915;288.289;541.846;336.638;536.574;30.000;38.000;344.750;349.781;158.000;153.500;276.294;70.614;166.763;2127.694;5.820;2185.936;511.875;307.344;712.819;644.470;1782.188;592.894;2.686;35.224
189.181;184.452;166.535;37.925;35.944;-0.916;287.967;542.375;337.016;536.839;30.000;38.000;344.750;349.781;157.797;153.500;276.136;70.575;172.112;2127.694;6.008;2187.444;510.786;307.482;714.666;644.470;1775.912;590.230;2.713;35.227
189.292;184.809;167.170;37.925;35.944;-0.916;287.892;542.914;337.344;537.532;30.000;38.000;344.863;349.781;157.677;153.500;275.976;70.575;177.527;2128.580;7.493;2187.667;509.423;307.481;715.552;644.470;1768.190;590.151;2.677;35.297
189.812;185.249;167.408;37.930;35.954;-0.916;287.892;542.849;337.344;537.720;30.000;38.000;345.000;349.830;157.306;153.500;275.394;70.575;180.559;2132.130;7.996;2190.324;511.321;307.462;;;;;;35.371
190.511;185.789;167.885;37.998;36.025;-0.916;287.892;541.957;336.657;538.130;30.000;38.000;345.000;349.891;157.250;153.500;275.338;70.575;183.607;2136.789;8.164;2187.558;511.740;307.440;;;;;;35.488
190.961;186.314;168.240;38.134;36.183;-0.916;287.892;540.454;335.694;538.130;30.000;38.000;345.000;349.891;157.250;153.500;275.488;70.647;186.156;2143.840;8.010;2185.370;510.635;307.493;;;;;;35.583
191.462;186.718;168.999;38.271;36.266;-0.915;288.433;538.684;334.476;538.183;30.000;38.000;345.000;349.891;157.250;153.500;275.602;70.688;187.528;2149.621;7.310;2186.233;509.970;307.454;;;;;;35.680
191.622;186.897;169.157;38.361;36.312;-0.915;288.458;537.303;333.321;538.215;30.000;38.000;345.000;349.891;157.250;153.500;275.287;70.688;186.431;2153.934;5.424;2188.397;511.481;306.823;;;;;;35.797
;;;;;;;;;;;;;;;;;;;;;;;;;;;;;
;;;;;;;;;;;;;;;;;;;;;;;;;;;;;
;;;;;;;;;;;;;;;;;;;;;;;;;;;;;
;;;;;;;;;;;;;;;;;;;;;;;;;;;;;
;;;;;;;;;;;;;;;;;;;;;;;;;;;;;
